smiles,freesolv
C1CNC1,-5.56
c1ccc(cc1)n2c(=O)c(c(cn2)N)Cl,-16.43
C1CCCC(CC1)O,-5.48
c1ccc2c(c1)cccn2,-5.72
COP(=S)(OC)SCn1c(=O)c2ccccc2nn1,-10.03
C1CC[S+2](C1)([O-])[O-],-8.61
Cc1cnccn1,-5.51
CCc1cnccn1,-5.45
CC(C)Cc1cnccn1,-5.04
Cn1cnc2c1c(=O)n(c(=O)n2C)C,-12.64
Cc1cc(c2ccccc2c1)C,-2.47
c1ccc2ccccc2c1,-2.4
C[C@@H](c1ccc2cc(ccc2c1)OC)C(=O)O,-10.21
c1ccc2c(c1)cccc2N,-7.28
CCc1cccc2c1cccc2,-2.4
c1ccc2cc(ccc2c1)O,-8.11
Cc1ccc2cc(ccc2c1)C,-2.63
CNC(=O)Oc1cccc2c1cccc2,-9.45
Cc1ccc(c2c1cccc2)C,-2.82
c1ccc2cc(ccc2c1)N,-7.47
Cc1cc2ccccc2cc1C,-2.78
c1ccc2c(c1)cccc2O,-7.67
Cc1cccc2c1cccc2,-2.44
CC1=CC(=O)CC(C1)(C)C,-5.18
CC1=CC(=O)[C@@H](CC1)C(C)C,-4.51
c1ccc2cc3ccccc3cc2c1,-3.95
C1CC=CC1,0.56
C1(C(C(C1(F)F)(F)F)(F)F)(F)F,3.43
C[C@@H](c1cccc(c1)C(=O)c2ccccc2)C(=O)O,-10.78
c1ccc2c(c1)C(=O)c3ccc(cc3C2=O)N,-11.53
c1ccc2c(c1)C(=O)c3cccc(c3C2=O)NCCO,-14.21
c1ccc2c(c1)C(=O)c3c(ccc(c3C2=O)O)N,-9.53
c1ccc2c(c1)C(=O)c3c(ccc(c3C2=O)N)N,-11.85
c1ccc2c(c1)C(=O)c3cccc(c3C2=O)N,-9.44
C[C@@H]1CC[C@H](C(=O)C1)C(C)C,-2.53
C[C@@H]1CC[C@H](CC1=O)C(=C)C,-3.75
C1CCC(=O)CC1,-4.91
C1CCC(=O)C1,-4.7
CC(=O)N1CCCC1,-9.8
C1CCNC1,-5.48
C1[C@H]([C@@H]2[C@H]([C@H]1Cl)[C@]3(C(=C([C@@]2(C3(Cl)Cl)Cl)Cl)Cl)Cl)Cl,-3.44
CC1CCCCC1,1.7
CC(=O)C1CCCCC1,-3.9
C[C@@H]1CC[C@H]([C@@H](C1)O)C(C)C,-3.2
C[C@@H]1CCCC[C@@H]1C,1.58
CC1CCC(CC1)C,2.11
C1CCCCC1,1.23
C1CCC(CC1)O,-5.46
C1CCC(CC1)N,-4.59
COC(=O)C1CCCCC1,-3.3
C1[C@@H]2[C@H](COS(=O)O1)[C@@]3(C(=C([C@]2(C3(Cl)Cl)Cl)Cl)Cl)Cl,-4.23
c1c(c(=O)[nH]c(=O)[nH]1)C(F)(F)F,-15.46
c1c(c(=O)[nH]c(=O)[nH]1)F,-16.92
c1c(c(=O)[nH]c(=O)[nH]1)Cl,-17.74
c1c(c(=O)[nH]c(=O)[nH]1)Br,-18.17
c1c(c(=O)[nH]c(=O)[nH]1)I,-18.72
c1c(=O)[nH]c(=O)[nH]c1Cl,-15.83
CC[C@H](C)n1c(=O)c(c([nH]c1=O)C)Br,-9.73
Cc1c(c(=O)n(c(=O)[nH]1)C(C)(C)C)Cl,-11.14
c1cc2ccc3cccc4c3c2c(c1)cc4,-4.52
c1(=O)[nH]c(=O)[nH]c(=O)[nH]1,-18.06
C[C@H]1CCCO1,-3.3
C1CCOC1,-3.47
C[C@H]1CC[C@@H](O1)C,-2.92
